,station,week,zaterdag,zondag,lat,lng,station_link
0,AALST,7733,1758,1589,50.9427068,4.039143,Aalst
1,AALST-KERREBROEK,27,9,9,50.9483067,4.0248553,Aalst-Kerrebroek
2,AALTER,1957,526,536,51.0922263,3.4495495000000003,Aalter
3,AARSCHOT,5660,1414,1104,50.9847169,4.8242503,Aarschot
4,AARSELE,24,9,9,50.9846045,3.4183273,Aarsele
5,ACREN,199,37,29,50.73320589999999,3.8471529,Acren
6,AISEAU,64,24,14,50.42945020000001,4.5845289000000005,Aiseau
7,ALKEN,464,151,305,50.88672469999999,5.292618600000001,Alken
8,AMAY,253,77,72,50.546126,5.3206489,Amay
9,AMPSIN,133,29,28,50.5391793,5.289769499999999,Ampsin
10,ANDENNE,1584,451,430,50.4967023,5.0952739000000005,Andenne
11,ANGLEUR,676,179,83,50.6131758,5.599849499999999,Angleur
12,ANS,1094,141,125,42.274044,-83.748498,
13,ANSEREMME,52,67,55,50.2372078,4.904729,Anseremme
14,ANTOING,260,105,138,50.5692876,3.4516359,Antoing
15,ANTOING,260,105,138,50.5692876,3.4516359,Haute-Picardie TGV
16,ANTWERPEN-BERCHEM,15145,5549,6078,51.2001783,4.4327702,Antwerpen-Oost
17,ANTWERPEN-BERCHEM,15145,5549,6078,51.2001783,4.4327702,Antwerpen-Berchem
18,ANTWERPEN-CAAL,33614,19260,16539,51.21719179999999,4.4212529,Antwerpen-Centraal
19,ANTWERPEN-LUCHTBAL,163,82,41,51.2450124,4.4249,Antwerpen-Luchtbal
20,ANTWERPEN-NOORDERDOKKEN,53,19,7,51.261686,4.4274315,Antwerpen-Noorderdokken
21,ANTWERPEN-ZUID,1769,257,205,51.1978459,4.3902715,Antwerpen-Zuid
22,ANZEGEM,210,9,9,50.82638499999999,3.495013,Anzegem
23,APPELTERRE,205,43,33,50.8135623,3.972929999999999,Appelterre
24,ARCHENNES,113,39,36,50.7541154,4.6625779000000005,Archennes
25,ARLON,4116,1003,1923,49.6804268,5.809418599999999,Arlon
26,ARLON,4116,1003,1923,49.6804268,5.809418599999999,Mersch
27,ARLON,4116,1003,1923,49.6804268,5.809418599999999,Ettelbréck
28,ASSE,1144,165,170,50.9060327,4.2081262000000015,Asse
29,ASSESSE,634,30,25,50.3683651,5.0226231,Assesse
30,ATH,5339,928,937,50.6271876,3.7771893,Ath
31,ATHUS,986,411,118,49.56394030000001,5.8290473,Mulhouse
32,ATHUS,986,411,118,49.56394030000001,5.8290473,Saint-Louis-Haut-Rhin
33,ATHUS,986,411,118,49.56394030000001,5.8290473,Landry
34,ATHUS,986,411,118,49.56394030000001,5.8290473,Colmar
35,ATHUS,986,411,118,49.56394030000001,5.8290473,Saverne
36,ATHUS,986,411,118,49.56394030000001,5.8290473,Rodange
37,ATHUS,986,411,118,49.56394030000001,5.8290473,Metz
38,ATHUS,986,411,118,49.56394030000001,5.8290473,Nice Ville
39,ATHUS,986,411,118,49.56394030000001,5.8290473,Thionville
40,ATHUS,986,411,118,49.56394030000001,5.8290473,Bourg-Saint-Maurice
41,ATHUS,986,411,118,49.56394030000001,5.8290473,Strasbourg
42,ATHUS,986,411,118,49.56394030000001,5.8290473,Athus
43,ATHUS,986,411,118,49.56394030000001,5.8290473,Cannes
44,ATHUS,986,411,118,49.56394030000001,5.8290473,Bertrange Strassen
45,ATHUS,986,411,118,49.56394030000001,5.8290473,Albertville
46,ATHUS,986,411,118,49.56394030000001,5.8290473,Moûtiers-Salins-Brides-les-Bai
47,ATHUS,986,411,118,49.56394030000001,5.8290473,Saint-Raphaël-Valescure
48,ATHUS,986,411,118,49.56394030000001,5.8290473,Mamer
49,ATHUS,986,411,118,49.56394030000001,5.8290473,Basel
50,ATHUS,986,411,118,49.56394030000001,5.8290473,Selestat
51,ATHUS,986,411,118,49.56394030000001,5.8290473,Mamer-Lycée
52,ATHUS,986,411,118,49.56394030000001,5.8290473,Aime-la-Plagne
53,ATHUS,986,411,118,49.56394030000001,5.8290473,Antibes
54,ATHUS,986,411,118,49.56394030000001,5.8290473,Les Arcs - Draguignan
55,ATHUS,986,411,118,49.56394030000001,5.8290473,Lëtzebuerg
56,AUBANGE,67,9,9,49.5636985,5.799286599999999,Aubange
57,AUVELAIS,616,223,165,50.4489215,4.631399299999999,Auvelais
58,AYE,48,12,25,50.22437129999999,5.3011227,Aye
59,AYWAILLE,174,88,107,50.4729165,5.6729552000000005,Aywaille
60,BAASRODE-ZUID,117,9,9,51.0194998,4.153760699999999,Baasrode-Zuid
61,BALEGEM-DORP,243,70,50,50.9197233,3.791477,Balegem-Dorp
62,BALEGEM-ZUID,153,9,9,50.9002156,3.8059565,Balegem-Zuid
63,BALEN,250,72,62,51.1690547,5.165150199999999,Balen
64,BAMBRUGGE,51,9,9,50.913621,3.9356871,Bambrugge
65,BARVAUX,328,170,133,50.34939470000001,5.501763299999999,Barvaux
66,BAS-OHA,65,16,6,50.52317470000001,5.1921669,Bas-Oha
67,BASSE-WAVRE,465,62,44,50.72446919999999,4.622171400000001,Basse-Wavre
68,BEAURAING,234,102,150,50.11436,4.9567068,Beauraing
69,BEERNEM,652,188,234,51.12812419999999,3.3292576,Beernem
70,BEERSEL,271,9,9,50.7665814,4.3025531,Beersel
71,BEERVELDE,232,9,9,51.08702020000001,3.8795594,Beervelde
72,BEGIJNENDIJK,257,76,93,51.0225608,4.7994705,Begijnendijk
73,BEIGNEE,19,9,9,50.33387279999999,4.406464199999999,Beignée
74,BELLEM,204,50,40,51.0836413,3.4883369,Bellem
75,BELSELE,233,63,56,51.1509842,4.0878212,Belsele
76,BERCHEM-ST-AG.-BERCHEM,815,126,131,51.189856,4.432951,
77,BERINGEN,89,28,24,51.0506,5.235889999999999,Beringen
78,BERLAAR,345,129,205,51.1135946,4.638903900000002,Berlaar
79,BERTRIX,423,161,157,49.8530369,5.267417900000001,Bertrix
80,BERZEE,193,33,23,50.28555050000001,4.406217,Berzée
81,BEUZET,131,22,12,50.534024,4.7485269,Beuzet
82,BEVEREN,937,130,137,51.2083732,4.259547599999999,Beveren
83,BEVERLO,143,43,50,51.08863909999999,5.234468199999999,Beverlo
84,BIERGES-WALIBI,85,623,584,50.7083648,4.596190900000002,Bierges-Walibi
85,BIERSET-AWANS,140,40,29,50.6581661,5.4571017999999984,Bierset-Awans
86,BILZEN,573,219,247,50.8684987,5.5095122000000005,Bilzen
87,BINCHE,565,313,269,50.40888620000001,4.1728774,Binche
88,BISSEGEM,172,69,88,50.8260703,3.2252219,Bissegem
89,BLANKENBERGE,1455,997,1761,51.31258099999999,3.1336659,Blankenberge
90,BLANMONT,199,25,29,50.6204273,4.6358875,Blanmont
91,BLATON,516,140,141,50.5052542,3.6663199,Blaton
92,BLERET,63,9,9,50.6853562,5.2857178,Bleret
93,BOCKSTAEL,899,101,87,50.87926479999999,4.349216699999999,Bockstael
94,BOECHOUT,472,109,137,51.16378109999999,4.494249900000002,Boechout
95,BOITSFORT/BOSVOORDE,738,109,117,50.7951005,4.407659400000001,Bosvoorde/Boitsfort
96,BOKRIJK,116,73,95,50.9558456,5.4085681,Bokrijk
97,BOMAL,247,93,88,50.3768633,5.519568899999999,Sy
98,BOMAL,247,93,88,50.3768633,5.519568899999999,Bomal
99,BOOISCHOT,260,86,66,51.0372304,4.773801499999999,Booischot
100,BOOM,204,9,9,51.0906309,4.360568199999999,Boom
101,BOONDAEL/BOONDAAL,860,9,9,50.80154829999999,4.3931452,Boondaal/Boondael
102,BOORTMEERBEEK,539,104,129,50.9819739,4.5735163,Boortmeerbeek
103,BORDET,556,9,9,50.87767969999999,4.4098916,Bordet
104,BORNEM,698,185,221,51.0993852,4.2399179,Bornem
105,BOUSSU,249,51,61,50.4361857,3.7968443,Boussu
106,BOUWEL,459,108,141,51.1656412,4.7464856,Bouwel
107,BRACQUEGNIES,117,34,24,50.47419429999999,4.125355600000002,Bracquegnies
108,BRAINE-l'ALLEUD,5319,1292,803,50.68495470000001,4.3756865,Braine-l'Alleud
109,BRAINE-LE-COMTE,4998,1333,1224,50.60575790000001,4.1382572999999985,Braine-le-Comte
110,BRESSOUX,175,24,27,50.6438683,5.6114925000000015,Bressoux
111,BRU.-CONG.,736,9,9,50.8521292999,4.361865,Brussel-Congres/Bruxelles-Congrès
112,BRU.-CENT.,61099,18923,19143,50.8454872,4.3570163,Brussel-Centraal/Bruxelles-Central
113,BRU.-CHAP./KAP.,128,9,9,50.8412518,4.3485157,Brussel-Kapellekerk/Bruxelles-Chapelle
114,BRU.-LUXEMBG,7109,1408,1324,50.837951,4.3735317,Mouterij/Germoir
115,BRU.-LUXEMBG,7109,1408,1324,50.837951,4.3735317,Brussel-Luxemburg/Bruxelles-Luxembourg
116,BRU.-MIDI/ZUID,62545,19347,21453,50.83644109999999,4.3347878,Brussel-Zuid/Bruxelles-Midi
117,BRU.-NAT-LUCHTHAVEN,7983,5221,5937,50.8984736,4.4828741999,Brussels Airport - Zaventem
118,BRU.-NOORD/NORD,63104,18128,16815,50.8605262,4.3617873,Thurn en Taxis/Tour et Taxis
119,BRU.-NOORD/NORD,63104,18128,16815,50.8605262,4.3617873,Brussel-Noord/Bruxelles-Nord
120,BRU.-SCHUMAN,6501,1235,1140,50.84238060000001,4.3783907,Brussel-Schuman/Bruxelles-Schuman
121,BRU.-WEST/OUEST,78,28,28,50.84909879999999,4.3214938,Brussel-West/Bruxelles-Ouest
122,BRUGELETTE,229,30,24,50.59418059999999,3.8526717000000006,Brugelette
123,BRUGGE,18095,11409,12782,51.1976659,3.2178509,Brugge
124,BRUGGE-SINT-PIETERS,65,8,10,51.22310599999999,3.2018369,Brugge-Sint-Pieters
125,BUDA,57,9,9,44.96372,25.9257871,
126,BUGGENHOUT,478,134,176,51.0163675,4.201228899999999,Buggenhout
127,BUIZINGEN,407,68,82,50.7508491,4.2578355000000006,Buizingen
128,BURST,1063,113,124,50.9071148,3.9214651,Burst
129,CALLENELLE,26,9,9,50.5308842,3.5195729,Callenelle
130,CAMBRON-CASTEAU,117,191,137,50.5865375,3.8748428,Cambron-Casteau
131,CARLSBOURG,30,9,20,49.9075723,5.087011899999999,Carlsbourg
132,CARNIERES,153,29,19,50.4478527,4.2639624000000005,Carnieres
133,CEROUX-MOUSTY,238,29,30,50.6599588,4.569120799999999,Ceroux-Mousty
134,CHAPELLE-DIEU,50,9,9,50.5580498,4.6987935,Chapelle-Dieu
135,CHAPOIS,46,22,29,50.2617506,5.1251516,Chapois
136,CHARLEROI-OUEST,104,24,22,50.41096829999999,4.4369017999999985,Charleroi-Ouest
137,CHARLEROI-SUD,12642,4036,4048,50.40473650000001,4.438739,Charleroi-Sud
138,CHASTRE,359,68,49,50.60800279999999,4.6494461,Chastre
139,CHATEAU-DE-SEILLES,106,23,8,50.4972717,5.0817086,Château-de-Seilles
140,CHATELET,847,227,192,50.4094398,4.520959,Châtelet
141,CHENEE,132,38,18,50.60753330000001,5.6174069000000015,Chênée
142,CINEY,2124,898,959,50.29138769999999,5.0914722,Ciney
143,COMBLAIN-LA-TOUR,109,32,37,50.4564993,5.5670041,Rivage
144,COMBLAIN-LA-TOUR,109,32,37,50.4564993,5.5670041,Comblain-la-Tour
145,COMINES/KOMEN,668,145,223,50.7715938,2.998578,Paris Nord
146,COMINES/KOMEN,668,145,223,50.7715938,2.998578,Comines
147,COO,46,50,40,50.391112,5.880895799999999,Coo
148,COUILLET,35,9,9,50.392745,4.4686045,Couillet
149,COURCELLES-MOTTE,186,26,8,50.4624105,4.400333,Courcelles-Motte
150,COURRIERE,138,25,24,50.3889447,4.994983299999999,Courrière
151,COUR-SUR-HEURE,31,16,18,50.3003861,4.3915502,Cour-sur-Heure
152,COURT-SAINT-ETIENNE,334,71,37,50.64610769999999,4.5658669000000005,Court-Saint-Étienne
153,COUVIN,299,80,126,50.0564948,4.492010899999999,Couvin
154,DAVE-SAINT-MARTIN,73,17,15,50.4291254,4.8838209,Dave-Saint-Martin
155,DE-HOEK,207,86,64,50.73868299999999,4.370935500000001,De Hoek
156,DE-PANNE,577,594,906,51.0773829,2.6022881,De Panne
157,DE-PINTE,1482,366,328,50.9964211,3.6494722,De Pinte
158,DEINZE,2072,584,623,50.9784836,3.5348838,Deinze
159,DELTA,568,9,9,-34.4185509,-58.5768409,
160,DENDERLEEUW,9494,2247,2156,50.8916861,4.0725619,Denderleeuw
161,DENDERMONDE,6036,1066,1162,51.02320719999999,4.1013756,Dendermonde
162,DIEGEM,1190,226,200,50.8894744,4.446984099999999,Diegem
163,DIEPENBEEK,443,103,148,50.91054129999999,5.4201149000000015,Diepenbeek
164,DIEST,2648,547,605,50.99302460000001,5.051132599999999,Diest
165,DIKSMUIDE,582,261,432,51.0327958,2.8691373,Diksmuide
166,DILBEEK,761,98,140,50.8661477,4.2444233,Dilbeek
167,DINANT,1409,825,932,50.261137700000006,4.9080134000000015,Dinant
168,DOLHAIN-GILEPPE,199,31,29,50.61613679999999,5.9365203,Dolhain-Gileppe
169,DRONGEN,413,62,68,51.0472025,3.6555226,Drongen
170,DUFFEL,913,276,188,51.0916128,4.4931459,Duffel
171,DUINBERGEN,217,79,159,51.3384219,3.2635739,Duinbergen
172,ECAUSSINNES,690,229,240,50.56211629999999,4.1572013,Écaussinnes
173,EDE,499,9,9,50.9109037,3.9874646,Ede
174,EEKLO,834,140,116,51.1807807,3.5750407,Eeklo
175,EICHEM,109,11,12,50.8243339,3.994253799999999,Eichem
176,EINE,296,83,66,50.8705469,3.6236784,Eine
177,EKE-NAZARETH,293,46,40,50.9609124,3.627769199999999,Eke-Nazareth
178,EKEREN,778,145,166,51.2816099,4.4341227,Ekeren
179,EKEREN,778,145,166,51.2816099,4.4341227,Antwerpen-Haven
180,ENGHIEN/EDINGEN,3255,595,502,50.69720179999999,4.046002200000001,Enghien
181,ENGIS,171,43,34,50.5828304,5.402624400000001,Engis
182,EPPEGEM,718,84,66,50.9590743,4.4580118,Eppegem
183,ERBISOEUL,91,13,5,50.5072295,3.8881172999999993,Erbisœul
184,EREMBODEGEM,788,131,143,50.9195349,4.0560671,Erembodegem
185,ERNAGE,116,26,21,50.59229819999999,4.6672581,Ernage
186,ERPE-MERE,66,9,9,50.92936270000001,3.9630476,Erpe-Mere
187,ERPS-KWERPS,275,50,32,50.89648800000001,4.5848805,Erps-Kwerps
188,ERQUELINNES,280,103,112,50.3039047,4.1121737000000005,Erquelinnes
189,ERQUELINNES-VILLAGE,58,12,22,50.3101845,4.1314417,Erquelinnes-Village
190,ESNEUX,173,37,49,50.5303662,5.572634099999998,Esneux
191,ESNEUX,173,37,49,50.5303662,5.572634099999998,Poulseur
192,ESSEN,915,395,355,51.4626083,4.4512862,Essen Hbf
193,ESSEN,915,395,355,51.4626083,4.4512862,Essen
194,ESSEN,915,395,355,51.4626083,4.4512862,Roosendaal
195,ESSENE-LOMBEEK,307,45,28,50.8824086,4.1170028,Essene-Lombeek
196,ETTERBEEK,4894,365,311,50.82217929999999,4.3895737,Etterbeek
197,EUPEN,509,415,458,50.635167,6.0369309,Eupen
198,EVERE,386,9,9,50.8675783,4.4007414,Evere
199,EVERGEM,289,24,15,51.1072009,3.7020753,Evergem
200,EZEMAAL,204,22,40,50.7715885,4.995262599999998,Ezemaal
201,FAMILLEUREUX,79,9,9,50.52008350000001,4.2104534000000005,Familleureux
202,FARCIENNES,116,26,33,50.4294368,4.5527378,Farciennes
203,FARCIENNES,116,26,33,50.4294368,4.5527378,Le Campinaire
204,FAUX,155,30,25,50.62237,4.55013,Faux
205,FEXHE-LE-HT-CLOCHER,132,28,35,50.66416659999999,5.397432999999999,Fexhe-le-Haut-Clocher
206,FLAWINNE,68,10,14,50.456336,4.8067832,Flawinne
207,FLEMALLE-GRANDE,90,27,20,50.6048184,5.480022900000002,Flemalle-Grande
208,FLEMALLE-HAUTE,864,222,172,50.5947574,5.4572989000000005,Flemalle-Haute
209,FLEURUS,539,120,143,50.4829849,4.5448394,Fleurus
210,FLOREE,23,9,9,50.3576938,5.0563234,Florée
211,FLOREFFE,150,34,20,50.443189200000006,4.762653999999999,Floreffe
212,FLORENVILLE,136,43,100,49.7069816,5.3316739,Florenville
213,FLORIVAL,76,21,27,50.7615664,4.653963699999999,Florival
214,FONTAINE-VALMONT,107,10,40,50.3213023,4.2129873,Fontaine-Valmont
215,FORCHIES,171,38,23,50.43315,4.32337,Forchies
216,FOREST-EST/VORST-OOST,154,96,95,50.8097421,4.320621399999999,Vorst-Oost/Forest-Est
217,FOREST-MIDI/VORST-ZUID,244,53,19,50.8092625,4.3094544,Vorst-Zuid/Forest-Midi
218,FORRIERES,32,20,17,50.13242469999999,5.2769222000000005,Forrières
219,FRAIPONT,118,53,20,50.5650093,5.7235641,Fraipont
220,FRAMERIES,335,9,9,50.40587960000001,3.9061909,Frameries
221,FRANCHIMONT,252,38,15,50.52562860000001,5.8222651,Franchimont
222,FRANIERE,101,35,28,50.43924819999999,4.7343465,Franière
223,FROYENNES,559,22,22,50.6303819,3.3540949,Froyennes
224,GALMAARDEN,297,34,28,50.7436257,3.9668324,Galmaarden
225,GASTUCHE,151,40,44,50.7364158,4.6500349000000005,Gastuche
226,GAVERE-ASPER,401,60,35,50.9293057,3.6401504,Gavere-Asper
227,GEDINNE,98,44,112,49.98435569999999,4.978073699999999,Gedinne
228,GEEL,1586,628,763,51.1688398,4.9891324,Geel
229,GEMBLOUX,6199,1431,1414,50.5704346,4.690993799999998,Gembloux
230,GENDRON-CELLES,17,26,24,50.2109214,4.9645626,Gendron-Celles
231,GENK,1033,582,1269,50.96706,5.49637,Genk
232,GENLY,147,9,9,50.3911874,3.9114508,Genly
233,GENTBRUGGE,377,37,25,51.03825120000001,3.756713200000001,Gentbrugge
234,GENT-DAMPOORT,5104,1307,1093,51.0562574,3.7401455,Gent-Dampoort
235,GENT-SINT-PIETERS,55817,21184,22046,51.03612370000001,3.7109366,Gent-Sint-Pieters
236,GENVAL,1421,295,228,50.7260194,4.5142291,Genval
237,GERAARDSBERGEN,2913,653,542,50.77042429999999,3.8723864,Geraardsbergen
238,GHLIN,34,9,9,50.48755999999999,3.90605,Ghlin
239,GLONS,128,32,28,50.7505542,5.535523,Glons
240,GODARVILLE,136,26,14,50.4929582,4.2902412000000005,Godarville
241,GODINNE,443,148,161,50.34885379999999,4.8690127,Godinne
242,GONTRODE,126,34,24,50.9809588,3.8010281,Gontrode
243,GONTRODE,126,34,24,50.9809588,3.8010281,Melle
244,GOUVY,242,96,200,50.1903985,5.9531977,Michelau
245,GOUVY,242,96,200,50.1903985,5.9531977,Drauffelt
246,GOUVY,242,96,200,50.1903985,5.9531977,Troisvierges
247,GOUVY,242,96,200,50.1903985,5.9531977,Wilwerwiltz
248,GOUVY,242,96,200,50.1903985,5.9531977,Clervaux
249,GOUVY,242,96,200,50.1903985,5.9531977,Gouvy
250,GOUVY,242,96,200,50.1903985,5.9531977,Kautebaach
251,GOUVY,242,96,200,50.1903985,5.9531977,Bastogne-Nord
252,GOUY-LEZ-PIETON,135,15,6,50.4969008,4.325246,Gouy-lez-Pieton
253,GRAIDE,84,30,51,49.93380029999999,5.043205599999999,Graide
254,GROENENDAAL,479,74,117,50.7663333,4.449039900000002,Groenendaal
255,GROOT-BIJGAARDEN,453,67,61,50.86833799999999,4.273542,Sint-Agatha-Berchem/Berchem-Sainte-Agathe
256,GROOT-BIJGAARDEN,453,67,61,50.86833799999999,4.273542,Groot-Bijgaarden
257,GRUPONT,50,12,16,50.0907819,5.280583999999998,Grupont
258,HAACHT,674,138,168,50.9662646,4.613707799999999,Haacht
259,HAALTERT,555,93,88,50.9067403,4.0237418,Haaltert
260,HABAY,70,14,14,49.7182847,5.6326367999999984,Habay
261,HABAY,70,14,14,49.7182847,5.6326367999999984,Bastogne-Sud
262,HAININ,139,32,28,50.4281398,3.7672613,Hainin
263,HALANZY,68,9,9,49.5560188,5.743224,Halanzy
264,HALANZY,68,9,9,49.5560188,5.743224,Toulon
265,HALANZY,68,9,9,49.5560188,5.743224,Chambéry-Challes-les-Eaux
266,HALLE,6332,1613,1278,50.7333893,4.239943299999998,Halle
267,HAMBOS,51,9,9,50.94415,4.66364,Hambos
268,HAMOIR,232,99,117,50.4283587,5.533990599999999,Hamoir
269,HAMONT,154,122,194,51.2462881,5.5439041,Hamont
270,HAM-SUR-HEURE,32,15,15,50.3196782,4.4047987,Ham-sur-Heure
271,HAM-SUR-SAMBRE,14,9,9,50.4529222,4.671863099999999,Ham-sur-Sambre
272,HANSBEKE,278,75,75,51.0732238,3.5361712999999995,Hansbeke
273,HARCHIES,30,9,9,50.4823,3.699009999999999,Harchies
274,HARELBEKE,1068,213,467,50.8562825,3.3143107000000005,Harelbeke
275,HAREN,232,9,9,53.175222,6.6177553,
276,HAREN-ZUID/SUD,550,76,64,50.89019889999999,4.4176038,Haren-Sud/Haren-Zuid
277,HAREN-ZUID/SUD,550,76,64,50.89019889999999,4.4176038,Haren
278,HAREN-ZUID/SUD,550,76,64,50.89019889999999,4.4176038,Buda
279,HASSELT,7275,2835,2913,50.9309196,5.327631299999998,Hasselt
280,HAUTE-FLONE,153,20,6,50.55366160000001,5.3305383000000015,Haute-Flône
281,HAVERSIN,100,28,18,50.2490047,5.194442899999999,Haversin
282,HAVRE,83,13,17,50.4706026,4.059926,Havre
283,HEIDE,875,208,229,51.364828,4.460430800000001,Heide
284,HEIST,426,191,239,51.33401620000001,3.2390957,Heist
285,HEIST-OP-DEN-BERG,1529,683,730,51.074008,4.708778700000001,Heist-op-den-Berg
286,HEIZIJDE,267,40,38,50.9894922,4.1565293,Heizijde
287,HEMIKSEM,152,9,9,51.13624009999999,4.3382849000000006,Hemiksem
288,HENNUYERES,392,71,43,50.6513751,4.1763571000000015,Hennuyères
289,HERENT,463,56,47,50.9038269,4.674181700000001,Herent
290,HERENTALS,3631,952,967,51.1810322,4.828856099999999,Olen
291,HERENTALS,3631,952,967,51.1810322,4.828856099999999,Herentals
292,HERGENRATH,24,73,8,50.7088913,6.0433655,Aachen Hbf
293,HERGENRATH,24,73,8,50.7088913,6.0433655,Hergenrath
294,HERNE,351,54,37,51.54365,7.217829999999997,Dortmund Hbf
295,HERNE,351,54,37,51.54365,7.217829999999997,Limburg Süd
296,HERNE,351,54,37,51.54365,7.217829999999997,Düsseldorf Hbf
297,HERNE,351,54,37,51.54365,7.217829999999997,Frankfurt am Main Flughafen
298,HERNE,351,54,37,51.54365,7.217829999999997,Köln Hbf
299,HERNE,351,54,37,51.54365,7.217829999999997,Siegburg
300,HERNE,351,54,37,51.54365,7.217829999999997,Duisburg Hbf
301,HERNE,351,54,37,51.54365,7.217829999999997,Düsseldorf Flughafen Hbf
302,HERNE,351,54,37,51.54365,7.217829999999997,Frankfurt am Main Hbf
303,HERSEAUX,628,107,217,50.713757,3.2460881,Hellemmes
304,HERSEAUX,628,107,217,50.713757,3.2460881,Lezennes
305,HERSEAUX,628,107,217,50.713757,3.2460881,Ascq
306,HERSEAUX,628,107,217,50.713757,3.2460881,Annappes
307,HERSEAUX,628,107,217,50.713757,3.2460881,Pont de Bois
308,HERSEAUX,628,107,217,50.713757,3.2460881,Herseaux
309,HERSEAUX,628,107,217,50.713757,3.2460881,Baisieux
310,HERSTAL,416,169,131,50.660973,5.623151399999999,Herstal
311,HERZELE,517,108,119,50.8972328,3.8802493,Herzele
312,HEUSDEN,148,56,55,51.038246,5.281645399999999,Heusden
313,HEVER,149,9,9,51.18141,0.0951,London Saint Pancras International
314,HEVER,149,9,9,51.18141,0.0951,Ebbsfleet International
315,HEVERLEE,491,97,100,50.8624799,4.6954875,Heverlee
316,HILLEGEM,114,9,9,50.89154500000001,3.8583314,Hillegem
317,HOBOKEN-POLDER,123,9,9,51.182848,4.3483148,Zwijndrecht
318,HOBOKEN-POLDER,123,9,9,51.182848,4.3483148,Hoboken-Polder
319,HOEILAART,265,90,81,50.7600115,4.467908400000002,Hoeilaart
320,HOFSTADE,84,9,9,50.9882106,4.4971808000000015,Hofstade
321,HOLLEKEN,140,63,53,50.767548100000006,4.3538929,Holleken
322,HONY,47,11,11,50.5397679,5.5733175,Hony
323,HOURAING,177,32,21,50.7029153,3.8351966,Houraing
324,HOURPES,9,9,9,50.36522470000001,4.308602,Hourpes
325,HOUYET,78,33,45,50.1896436,5.0060494,Houyet
326,HOVE,487,131,115,50.83521,-0.17065999999999998,
327,HUIZINGEN,307,9,9,50.75176,4.2660237,Huizingen
328,HUIZINGEN,307,9,9,50.75176,4.2660237,Lot
329,HUY,2562,743,817,50.5266271,5.2329095,Statte
330,HUY,2562,743,817,50.5266271,5.2329095,Huy
331,IDDERGEM,151,39,18,50.87697070000001,4.068632099999999,Iddergem
332,IDEGEM,195,41,36,50.80157879999999,3.9213704,Idegem
333,IEPER,1199,536,788,50.84795070000001,2.8766589,Ieper
334,INGELMUNSTER,570,171,235,50.91385770000001,3.255757,Ingelmunster
335,IZEGEM,1256,402,578,50.9209791,3.2147749,Izegem
336,JAMBES,980,424,292,50.45467,4.875804899999999,Jambes
337,JAMBES-EST,83,12,18,50.4551275,4.8803105,Jambes-Est
338,JAMIOULX,33,12,12,50.3526997,4.4117621,Jamioulx
339,JEMAPPES,514,183,145,50.4524599,3.8853406,Jemappes
340,JEMELLE,769,281,438,50.1599997,5.2671953,Jemelle
341,JEMEPPE-SUR-MEUSE,89,30,16,50.61844929999999,5.4979599000000015,Jemeppe-sur-Meuse
342,JEMEPPE-SUR-SAMBRE,521,218,128,50.45126330000001,4.6627284000000015,Jemeppe-sur-Sambre
343,JETTE,2824,516,472,50.8807981,4.3286342000000015,Jette
344,JURBISE,1750,429,443,50.5300825,3.9102714,Jurbeke
345,JUSLENVILLE,95,35,50,50.544773,5.809988400000001,Juslenville
346,KALMTHOUT,836,121,153,51.3909989,4.466820200000001,Kalmthout
347,KAPELLEN,1039,294,279,51.3136179,4.432621,Kapellen
348,KAPELLE-OP-DEN-BOS,376,102,117,51.0107678,4.359130899999999,Kapelle-op-den-Bos
349,KESSEL,394,110,75,51.1510651,4.618698999999999,Lier
350,KESSEL,394,110,75,51.1510651,4.618698999999999,Kessel
351,KIEWIT,615,111,136,50.954659,5.350465499999999,Kiewit
352,KIJKUIT,140,70,53,51.378666,4.4672192000000015,Kijkuit
353,KNOKKE,740,460,837,51.3399355,3.2854472,Knokke
354,KOKSIJDE,251,189,233,51.07914870000001,2.6531622,Koksijde
355,KONTICH,955,254,271,51.1341096,4.4763377,Kontich
356,KORTEMARK,443,155,269,51.0252052,3.0435607000000005,Kortemark
357,KORTENBERG,559,126,132,50.892888,4.5429832,Kortenberg
358,KORTRIJK,10007,3793,3782,50.82452600000001,3.264457,Kortrijk
359,KWATRECHT,94,59,27,50.9917987,3.8290644,Kwatrecht
360,LA-HULPE,1350,286,203,50.7381903,4.4968866,La Hulpe
361,LA-LOUVIERE-CENTRE,1205,512,515,50.47773770000001,4.1807002,La Louvière-Centre
362,LA-LOUVIERE-SUD,2961,1060,960,50.4656549,4.1881849,La Louvière-Sud
363,LA-ROCHE,157,34,21,50.61028220000001,4.53949,La Roche (Brabant)
364,LABUISSIERE,86,15,23,50.3162218,4.1852466,Labuissière
365,LANDEGEM,583,135,105,51.0647171,3.5759444,Landegem
366,LANDELIES,77,10,29,50.3772945,4.350229,Landelies
367,LANDEN,3504,1262,1245,50.74789579999999,5.080174899999999,Landen
368,LANDSKOUTER,73,9,9,50.9705682,3.7913657,Landskouter
369,LANGDORP,184,25,40,51.0027054,4.864568599999999,Langdorp
370,LE-CAMPINAIRE,44,9,9,50.4241468,4.5438044,
371,LEBBEKE,447,83,65,51.0049804,4.1344994,Lebbeke
372,LEDE,1547,267,194,50.97061779999999,3.9854804,Lede
373,LEIGNON,45,15,9,50.2676593,5.1077626,Leignon
374,LEMAN,74,9,9,50.5995303,5.4669776,Leman
375,LEMBEEK,524,75,74,50.7147783,4.221024799999999,Lembeek
376,LENS,125,38,13,50.5590237,3.903377,Lens
377,LEOPOLDSBURG,331,129,108,51.1175136,5.2580195,Leopoldsburg
378,LESSINES,747,150,137,50.7126378,3.8365601,Lessen
379,LEUVEN,33090,13123,10487,50.8813405,4.7155873,Leuven
380,LEUZE,2033,348,372,50.6003777,3.617007999999999,Leuze
381,LEVAL,183,58,45,50.430147,4.2109778,Leval
382,LIBRAMONT,2244,886,1791,49.92026120000001,5.3793191,Libramont
383,LICHTERVELDE,3428,1510,1939,51.02507019999999,3.127427,Lichtervelde
384,LIEDEKERKE,2169,480,436,50.8828119,4.0951461,Liedekerke
385,LIEGE-GUILLEMINS,17124,8726,7994,50.6246547,5.5670004,Liège-Guillemins
386,LIEGE-JONFOSSE,1324,436,330,50.6405187,5.561872999999999,Liège-Jonfosse
387,LIEGE-PALAIS,3451,1441,1004,50.64634969999999,5.5705445,Liège-Palais
388,LIER,5417,1846,1981,59.76324159999999,10.2899433,
389,LIERDE,456,73,65,50.81570960000001,3.8270992,Lierde
390,LIERS,549,164,179,50.6982273,5.568820099999999,Liers
391,LIGNY,173,27,33,50.5117537,4.566070099999999,Ligny
392,LILLOIS,636,101,63,50.644896,4.3647730000000005,Lillois
393,LIMAL,309,57,47,50.6912376,4.5751309,Limal
394,LINKEBEEK,779,143,127,50.773685,4.339434,Linkebeek
395,LISSEWEGE,185,52,29,51.29465159999999,3.1942733,Zwankendamme
396,LISSEWEGE,185,52,29,51.29465159999999,3.1942733,Lissewege
397,LOBBES,206,29,44,50.3460566,4.2615191,Lobbes
398,LODELINSART,95,28,33,50.4326798,4.4638555,Lodelinsart
399,LOKEREN,4597,2070,1803,51.1074132,3.986469399999999,Lokeren
400,LOMMEL,461,296,410,51.2117315,5.3120788,Lommel
401,LONDERZEEL,759,160,272,51.0092636,4.2986309,Londerzeel
402,LONZEE,135,28,18,50.5514325,4.721178999999999,Lonzée
403,LOT,380,77,77,46.3609117,-63.5461687,
404,LOUVAIN-LA-NEUVE-UNIV.,6097,2539,1425,50.6698511,4.6162556,Louvain-la-Neuve-Université
405,LUSTIN,378,160,182,50.36897099999999,4.877161900000001,Lustin
406,LUTTRE,2285,701,593,50.5062939,4.383920099999999,Luttre
407,MAFFLE,133,20,19,50.6144694,3.799909,Maffle
408,MALDEREN,287,91,101,51.0143948,4.2285528,Malderen
409,MANAGE,458,158,104,50.50584629999999,4.2348267,Manage
410,MARBEHAN,646,353,744,49.7272779,5.5394262,Marbehan
411,MARCHE-EN-FAMENNE,410,117,147,50.22264000000001,5.34626,Marche-en-Famenne
412,MARCHE-LES-DAMES,51,16,15,50.48078889999999,4.9654694,Marche-les-Dames
413,MARCHE-LEZ-ECAUSSINNES,125,9,9,50.546258,4.176974299999999,Marche-lez-Écaussinnes
414,MARCHIENNE-AU-PONT,1509,474,485,50.4121379,4.3939815000000015,Marchienne-au-Pont
415,MARCHIENNE-ZONE,29,2,10,50.3980535,4.390750199999999,Marchienne-Zone
416,MARIA-AALTER,165,57,57,51.1076819,3.3866187999999995,Maria-Aalter
417,MARIEMBOURG,171,38,70,50.0957576,4.5244637,Mariembourg
418,MARLOIE,1653,918,1815,50.2024548,5.3139365,Marloie
419,MASNUY-SAINT-PIERRE,33,9,9,50.536268,3.9615531,Masnuy-Saint-Pierre
420,MAUBRAY,23,9,9,50.54726779999999,3.4962438,Maubray
421,MAZY,34,9,9,50.51287379999999,4.6755742,Mazy
422,MECHELEN,18945,5766,5702,51.01790090000001,4.483312799999998,Mechelen
423,MECHELEN-NEKKERSPOEL,1917,838,461,51.0302789,4.4905817,Mechelen-Nekkerspoel
424,MEISER,350,9,9,50.85487620000001,4.3941685,Meiser
425,MELKOUWEN,217,57,70,51.0947887,4.671943700000001,Melkouwen
426,MELLE,821,120,103,52.209257,8.343221,
427,MELREUX-HOTTON,288,115,118,50.2839785,5.4409714000000005,Melreux-Hotton
428,MELSELE,120,18,19,51.210565,4.2866652,Melsele
429,MENEN,804,319,351,50.7993181,3.1139281000000003,Menen
430,MERCHTEM,752,159,178,50.9539388,4.2238927,Merchtem
431,MERELBEKE,832,122,140,51.0199446,3.7643116,Merelbeke
432,MERODE,900,9,9,50.83950129999999,4.3988431,Merode
433,MERY,64,9,12,50.547517600000006,5.5872081,Méry
434,MESSANCY,96,9,9,49.5926876,5.8185272,Messancy
435,MESSANCY,96,9,9,49.5926876,5.8185272,Capellen
436,MESSANCY,96,9,9,49.5926876,5.8185272,Klengbetten
437,MEVERGNIES-ATTRE,101,9,9,50.5997926,3.834544599999999,Mevergnies-Attre
438,MILMORT,246,72,63,50.69274520000001,5.5999167000000005,Milmort
439,MOENSBERG,439,9,9,50.7785868,4.331811399999999,Moensberg
440,MOL,2033,819,1022,51.1905033,5.1151294,Mol
441,MOLLEM,294,73,58,50.93347499999999,4.216966999999999,Mollem
442,MOMALLE,80,16,18,50.6699297,5.366839700000001,Momalle
443,MONS,8997,3747,3517,50.45383620000001,3.9423708,Mons
444,MONT-SAINT-GUIBERT,422,73,50,50.63818970000001,4.6126556,Mont-Saint-Guibert
445,MOORTSELE,126,18,13,50.9535223,3.7811681,Moortsele
446,MORLANWELZ,356,57,34,50.45835599999999,4.2470344,Morlanwelz
447,MORTSEL,527,44,62,51.18299769999999,4.4486273,Mortsel
448,MORTSEL-DEURNESTEENWEG,9,40,28,51.1823342,4.4472697,Mortsel-Deurnesteenweg
449,MORTSEL-LIERSESTEENWEG,158,5,9,51.1693544,4.468941399999999,Hove
450,MORTSEL-LIERSESTEENWEG,158,5,9,51.1693544,4.468941399999999,Mortsel-Liersesteenweg
451,MORTSEL-OUDE-GOD,642,426,251,51.17117409999999,4.4557644,Mortsel-Oude God
452,MOUSCRON/MOESKROEN,2028,775,768,50.7401028,3.2274704,Mouscron
453,MOUSCRON/MOESKROEN,2028,775,768,50.7401028,3.2274704,Croix Wasquehal
454,MOUSCRON/MOESKROEN,2028,775,768,50.7401028,3.2274704,Tourcoing
455,MOUSCRON/MOESKROEN,2028,775,768,50.7401028,3.2274704,Croix l'Allumette
456,MOUSCRON/MOESKROEN,2028,775,768,50.7401028,3.2274704,Roubaix
457,MOUSTIER,168,43,31,50.452913,4.694374199999999,Moustier
458,MUIZEN,187,49,75,51.0087479,4.5135288000000005,Hever
459,MUIZEN,187,49,75,51.0087479,4.5135288000000005,Muizen
460,MUNKZWALM,247,70,72,50.8756424,3.733101,Munkzwalm
461,NAMECHE,93,32,22,50.4701472,4.9974504,Namêche
462,NAMUR,18647,7964,7605,50.46908209999999,4.8624695,Namur
463,NANINNE,148,22,20,50.41972330000001,4.9298965,Naninne
464,NATOYE,136,53,31,50.3429235,5.061181899999999,Natoye
465,NEERPELT,437,225,447,51.2212869,5.4369437000000005,Neerpelt
466,NEERWINDEN,170,28,31,50.7638352,5.036859700000001,Neerwinden
467,NESSONVAUX,293,120,73,50.57209109999999,5.7418903,Nessonvaux
468,NEUFCHATEAU,126,26,55,49.85402999999999,5.4524322,Neufchâteau
469,NEUFVILLES,55,9,9,50.5434394,4.0103405,Neufvilles
470,NIEL,174,9,9,51.11154029999999,4.338451999999998,Niel
471,NIEUWKERKEN-WAAS,122,8,9,51.1854884,4.1854056,Nieuwkerken-Waas
472,NIJLEN,625,189,150,51.1598571,4.6666357000000005,Nijlen
473,NIMY,86,21,17,50.4717445,3.956287,Nimy
474,NINOVE,1505,325,191,50.8394626,4.0261818,Ninove
475,NIVELLES,4441,903,589,50.5998515,4.3349679000000005,Nivelles
476,NOORDERKEMPEN,965,260,494,51.35730290000001,4.6327332000000006,Noorderkempen
477,NOSSEGEM,377,79,67,50.8836664,4.5075052000000015,Nossegem
478,OBAIX-BUZET,167,9,9,50.5354823,4.3636759000000005,Obaix-Buzet
479,OBOURG,25,9,9,50.469874,4.007808,Obourg
480,OKEGEM,220,63,35,50.8564239,4.0537031,Okegem
481,OLEN,517,236,199,49.27879520000001,142.8731686,
482,OOSTENDE,7330,5276,5796,51.22919270000001,2.9259354,Oostende
483,OOSTKAMP,230,66,105,51.1541,3.25795,Oostkamp
484,OPWIJK,1197,197,210,50.97469210000001,4.1871632000000005,Opwijk
485,OTTIGNIES,21598,9345,8673,50.67346120000001,4.5694872,Ottignies
486,OUDEGEM,135,9,9,51.01494,4.063429999999999,Oudegem
487,OUDENAARDE,3113,846,825,50.8501383,3.6007621,Oudenaarde
488,OUD-HEVERLEE,128,54,43,50.8354901,4.653360500000002,Oud-Heverlee
489,OVERPELT,237,120,227,51.2155499,5.423249999999999,Overpelt
490,PALISEUL,51,24,53,49.8953564,5.1187094,Paliseul
491,PAPIGNIES,139,25,9,50.6864187,3.823273,Papegem
492,PECROT,168,53,30,50.7784308,4.6514376,Pécrot
493,PEPINSTER,1088,433,427,50.5681336,5.806371,Pepinster
494,PEPINSTER,1088,433,427,50.5681336,5.806371,Pepinster-Cité
495,PEPINSTER-CITE,41,13,15,50.5681336,5.806371,
496,PERUWELZ,621,185,187,50.5134918,3.5916517,Péruwelz
497,PHILIPPEVILLE,368,28,73,50.1914797,4.5361004000000005,Philippeville
498,PIETON,154,23,20,50.4350282,4.288795299999999,Piéton
499,POIX-SAINT-HUBERT,36,7,15,50.0196781,5.292624000000001,Poix-Saint-Hubert
500,PONT-A-CELLES,119,18,8,50.5126995,4.362424499999999,Pont-à-Celles
501,PONT-DE-SERAING,239,10,15,50.6197397,5.510324,Pont-de-Seraing
502,PONT-DE-SERAING,239,10,15,50.6197397,5.510324,Ans
503,POPERINGE,741,389,552,50.8545336,2.7361034,Poperinge
504,POULSEUR,165,55,57,50.52318,5.65602,
505,PROFONDSART,157,59,53,50.6938074,4.5493817000000005,Profondsart
506,PRY,24,9,9,50.26928100000001,4.428807,Pry
507,PUURS,1200,246,225,51.0771585,4.2827318,Puurs
508,QUAREGNON,526,153,156,50.4497618,3.8564836,Quaregnon
509,QUEVY,160,9,9,50.34133320000001,3.9091964,Quevy
510,QUIEVRAIN,472,174,140,50.4101097,3.6863651,Quievrain
511,QUIEVRAIN,472,174,140,50.4101097,3.6863651,Marne-la-Vallée - Chessy
512,QUIEVRAIN,472,174,140,50.4101097,3.6863651,Aéroport Charles-de-Gaulle TGV
513,REBAIX,96,38,4,50.66107879999999,3.7931515,Rebaix
514,REMICOURT,161,58,38,50.6786494,5.3207247,Remicourt
515,RHISNES,194,37,19,50.4993594,4.8019204,Rhisnes
516,RIVAGE,178,62,94,50.50664,5.67023,
517,RIXENSART,1321,299,221,50.711681,4.533330299999999,Rixensart
518,ROESELARE,3066,1151,1331,50.94900379999999,3.1304771,Roeselare
519,RONET,62,10,9,50.4575158,4.8286113,Ronet
520,RONSE/RENAIX,1071,321,300,50.74200949999999,3.6006543,Ronse
521,ROUX,144,23,18,50.4430837,4.3937362,Roux
522,RUISBR.-SAUVEGARDE,168,9,9,51.081145,4.3255097000000005,Ruisbroek-Sauvegarde
523,RUISBROEK,535,102,104,50.79072859999999,4.2949742,Ruisbroek
524,SART-BERNARD,82,14,9,50.4063824,4.9496105,Sart-Bernard
525,SCHAARBEEK/SCHAERBEEK,3180,605,578,50.8780623,4.3796395,Schaarbeek/Schaerbeek
526,SCHELDEWINDEKE,329,70,58,50.9370494,3.777783,Scheldewindeke
527,SCHELLE,131,9,9,51.125650500000006,4.340110299999999,Schelle
528,SCHELLEBELLE,440,49,42,51.003179,3.9219508,Schellebelle
529,SCHENDELBEKE,179,56,34,50.7979665,3.8993145,Schendelbeke
530,SCHOONAARDE,202,80,102,51.0032649,4.0113839,Schoonaarde
531,SCHULEN,250,18,95,50.9639675,5.1857558,Schulen
532,SCLAIGNEAUX,80,13,21,50.49205170000001,5.026554900000002,Sclaigneaux
533,SCLESSIN,44,9,9,50.610735,5.5558492,Sclessin
534,SERSKAMP,133,63,33,50.9851136,3.958648,Serskamp
535,SILLY,1284,162,125,50.6624688,3.935265199999999,Silly
536,SIMONIS,99,34,46,50.8635528,4.3310037,Simonis
537,SINAAI,248,52,46,51.1433326,4.068006899999999,Sinaai
538,SLEIDINGE,184,34,19,51.1263066,3.6679396,Sleidinge
539,SOIGNIES,2771,572,470,50.5732385,4.0691760000000015,Soignies
540,SOLRE-SUR-SAMBRE,81,20,26,50.312781,4.157785,Solre-sur-Sambre
541,SPA,383,198,296,34.65516950000001,-92.3898819,
542,SPA-GERONSTERE,340,189,153,50.48929889999999,5.8667224,Spa
543,SPA-GERONSTERE,340,189,153,50.48929889999999,5.8667224,Spa-Géronstère
544,STATTE,586,181,107,40.5656758,17.212548499999997,
545,ST-DENIJS-BOEKEL,185,9,9,50.8743084,3.698268499999999,Sint-Denijs-Boekel
546,ST-DENIS-BOVESSE,148,38,28,50.5207049,4.7689962,Saint-Denis-Bovesse
547,ST-GEN-RODE/RHODE-ST-GEN,1318,233,241,50.7479773,4.3616964000000005,Sint-Genesius-Rode
548,ST-GHISLAIN,2269,512,995,50.4428108,3.8191676,Saint-Ghislain
549,ST-GILLIS,155,25,20,51.0214343,4.118104900000001,Sint-Gillis-Dendermonde
550,ST-JOB,718,9,9,50.7940346,4.361841399999999,Sint-Job
551,ST-JORIS-WEERT,287,64,89,50.80073669999999,4.6515391,Sint-Joris-Weert
552,ST-KATELIJNE-WAVER,962,169,127,51.0699893,4.496118699999999,Sint-Katelijne-Waver
553,ST-MARIABURG,104,51,34,51.2912553,4.434954900000001,Sint-Mariaburg
554,ST-MARTENS-BODEGEM,349,55,68,50.86727570000001,4.2066623,Sint-Martens-Bodegem
555,ST-NIKLAAS,7205,1907,1999,51.17165869999999,4.1443998,Sint-Niklaas
556,STOCKEM,18,3,3,49.69080570000001,5.7681071,Stockem
557,ST-TRUIDEN,1459,744,798,50.81749079999999,5.176410400000001,Sint-Truiden
558,SY,33,15,37,35.515602,35.78742340000001,
559,TAMINES,1519,357,297,50.43230399999999,4.6097106,Tamines
560,TEMSE,612,87,194,51.1260978,4.221322,Temse
561,TERHAGEN,164,9,9,50.9014736,3.896213699999999,Terhagen
562,TERNAT,982,178,223,50.87449609999999,4.1658879,Ternat
563,TESTELT,285,35,106,51.0096649,4.9469799000000005,Testelt
564,THEUX,125,76,33,50.5361485,5.81502,Theux
565,THIEU,78,29,18,50.4695723,4.097750100000002,Thieu
566,THUIN,232,56,89,50.3424089,4.28816,Thuin
567,THULIN,227,40,45,50.423297,3.7450417,Thulin
568,TIELEN,713,164,172,51.2415482,4.894076399999999,Tielen
569,TIELT,1074,368,425,50.9905827,3.3296300000000003,Tielt
570,TIENEN,4708,1312,1042,50.8079122,4.9261493,Tienen
571,TILFF,99,33,42,50.5706107,5.583520399999999,Tilff
572,TILLY,241,60,39,50.5579878,4.5526715,Tilly
573,TOLLEMBEEK,284,38,28,50.7354019,3.9929037,Herne
574,TOLLEMBEEK,284,38,28,50.7354019,3.9929037,Tollembeek
575,TONGEREN,1032,358,434,50.7845779,5.4733528,Tongeren
576,TORHOUT,2000,497,670,51.0648204,3.1055087,Torhout
577,TOURNAI,6395,1801,1944,50.6128386,3.3968084000000003,Tournai
578,TROIS-PONTS,165,89,119,50.3689359,5.8730916,Trois-Ponts
579,TROOZ,115,41,27,50.57321029999999,5.688945299999999,Trooz
580,TUBIZE,3017,945,828,50.69181210000001,4.2056288,Tubize
581,TURNHOUT,1415,563,955,51.3221159,4.9378980000000015,Turnhout
582,UCCLE/UKKEL-CALEVOET,835,173,151,50.791711600000006,4.331997299999999,Ukkel-Kalevoet/Uccle-Calevoet
583,UCCLE/UKKEL-STALLE,239,66,80,50.8023094,4.3240671,Ukkel-Stalle/Uccle-Stalle
584,VELTEM,317,63,50,50.900408,4.6320517,Veltem
585,VERTRIJK,428,59,81,50.83591209999999,4.8356251,Vertrijk
586,VERVIERS-CENTRAL,4127,2117,2264,50.588354,5.855042900000001,Verviers-Central
587,VERVIERS-PALAIS,122,29,21,50.5908784,5.8645469000000015,Verviers-Palais
588,VEURNE,436,255,330,51.0737744,2.6700037,Veurne
589,VIANE-MOERBEKE,466,57,42,50.7518736,3.917109200000001,Viane-Moerbeke
590,VICHTE,210,9,9,50.8338462,3.3916508000000003,Vichte
591,VIELSALM,254,146,201,50.2787477,5.9095474,Vielsalm
592,VIJFHUIZEN,43,9,9,50.943461,3.9833879,Vijfhuizen
593,VILLE-POMMEROEUL,37,9,9,50.46495170000001,3.7236222,Ville-Pommerœul
594,VILLERS-LA-VILLE,270,51,46,50.57816030000001,4.5334837,Villers-la-Ville
595,VILVOORDE,5482,1541,1170,50.9245777,4.432761599999999,Vilvoorde
596,VIRTON,356,75,182,49.5605519,5.519518799999998,Nîmes
597,VIRTON,356,75,182,49.5605519,5.519518799999998,Béziers
598,VIRTON,356,75,182,49.5605519,5.519518799999998,Avignon TGV
599,VIRTON,356,75,182,49.5605519,5.519518799999998,Lyon Part Dieu TGV
600,VIRTON,356,75,182,49.5605519,5.519518799999998,Marseille-Saint-Charles
601,VIRTON,356,75,182,49.5605519,5.519518799999998,Narbonne
602,VIRTON,356,75,182,49.5605519,5.519518799999998,Sète
603,VIRTON,356,75,182,49.5605519,5.519518799999998,Lyon-Saint Exupéry TGV
604,VIRTON,356,75,182,49.5605519,5.519518799999998,Aix-en-Provence TGV
605,VIRTON,356,75,182,49.5605519,5.519518799999998,Valence TGV
606,VIRTON,356,75,182,49.5605519,5.519518799999998,Perpignan
607,VIRTON,356,75,182,49.5605519,5.519518799999998,Lyon-Perrache TGV
608,VIRTON,356,75,182,49.5605519,5.519518799999998,Montpellier
609,VIRTON,356,75,182,49.5605519,5.519518799999998,Agde
610,VIRTON,356,75,182,49.5605519,5.519518799999998,Virton
611,VISE,683,210,234,50.73781470000001,5.6923587,Maastricht Randwyck
612,VISE,683,210,234,50.73781470000001,5.6923587,Maastricht
613,VISE,683,210,234,50.73781470000001,5.6923587,Visé
614,VISE,683,210,234,50.73781470000001,5.6923587,Eijsden
615,VIVIER-D'OIE/DIESDELLE,451,9,9,50.79593660000001,4.3733331,Diesdelle/Vivier d'Oie
616,VIVILLE,31,2,3,49.68813660000001,5.7863248,Viville
617,VOROUX,63,9,9,50.66077429999999,5.4306773,Voroux
618,WAARSCHOOT,184,44,22,51.1542579,3.615383899999999,Waarschoot
619,WALCOURT,361,45,90,50.2592235,4.4361685999999985,Walcourt
620,WAREGEM,2422,908,1143,50.8918121,3.4244164,Waregem
621,WAREMME,2644,609,548,50.69470820000001,5.2496686,Waremme
622,WATERLOO,1891,390,442,50.7150317,4.3835121,Waterloo
623,WATERMAEL/WATERMAAL,191,106,78,50.8091273,4.399712999999998,Arcaden/Arcades
624,WATERMAEL/WATERMAAL,191,106,78,50.8091273,4.399712999999998,Delta
625,WATERMAEL/WATERMAAL,191,106,78,50.8091273,4.399712999999998,Watermaal/Watermael
626,WAVRE,968,380,316,50.7160869,4.6054955,Wavre
627,WEERDE,504,91,73,50.9774651,4.4709058,Weerde
628,WELKENRAEDT,1703,979,1068,50.6596638,5.9755201,Welkenraedt
629,WELLE,128,9,9,50.9032047,4.050724700000001,Welle
630,WERVIK,638,205,244,50.7816789,3.0464158,Lille Flandres
631,WERVIK,638,205,244,50.7816789,3.0464158,Lille Europe
632,WERVIK,638,205,244,50.7816789,3.0464158,Wervik
633,WESPELAAR-TILDONK,429,76,85,50.9579842,4.6388785000000015,Wespelaar-Tildonk
634,WETTEREN,2499,609,555,51.0017426,3.8823706,Wetteren
635,WEVELGEM,507,153,185,50.8106434,3.1818332000000003,Wevelgem
636,WEZEMAAL,645,170,139,50.95605120000001,4.7473905,Wezemaal
637,WICHELEN,123,9,9,51.00198020000001,3.969729,Wichelen
638,WIJGMAAL,445,76,81,50.92337,4.7005300000000005,Wijgmaal
639,WILDERT,189,91,85,51.42787630000001,4.463338900000001,Wildert
640,WILLEBROEK,514,136,138,51.066297,4.355968,Willebroek
641,WOLFSTEE,31,9,9,51.16847689999999,4.7845878,Wolfstee
642,WONDELGEM,123,26,15,51.0891533,3.7194717000000006,Wondelgem
643,YVES-GOMEZEE,32,9,10,50.2368316,4.4947288,Yves-Gomezée
644,YVOIR,522,245,244,50.3207792,4.8785865,Yvoir
645,ZANDBERGEN,163,48,22,50.80701269999999,3.9577915,Zandbergen
646,ZAVENTEM,1231,342,289,50.88531079999999,4.4709622000000016,Zaventem
647,ZEDELGEM,531,97,140,51.1265845,3.1638083,Zedelgem
648,ZEEBRUGGE-DORP,267,9,9,51.326515,3.195115,Zeebrugge-Dorp
649,ZEEBRUGGE-STRAND,9,22,29,51.3305047,3.1840388,Zeebrugge-Strand
650,ZELE,780,154,148,51.07292169999999,4.042324499999999,Zele
651,ZELLIK,466,79,69,50.88974830000001,4.2751288,Zellik
652,ZICHEM,283,38,61,51.0063061,4.9882101,Zichem
653,ZINGEM,347,80,63,50.90780170000001,3.6464116,Zingem
654,ZOLDER,108,22,61,51.03354849999999,5.329899699999999,Zolder
655,ZONHOVEN,55,18,24,50.9898411,5.348832499999999,Zonhoven
656,ZOTTEGEM,5817,816,650,50.8687698,3.8141769,Zottegem
657,ZWIJNDRECHT,226,24,32,51.8157054,4.6408385,Rotterdam CS
658,ZWIJNDRECHT,226,24,32,51.8157054,4.6408385,Amsterdam CS
659,ZWIJNDRECHT,226,24,32,51.8157054,4.6408385,Den Haag HS
660,ZWIJNDRECHT,226,24,32,51.8157054,4.6408385,Dordrecht
661,ZWIJNDRECHT,226,24,32,51.8157054,4.6408385,Schiphol
